date;beta1;beta2;beta3;beta4;beta5;beta6;beta7;beta8;beta9;beta10
196307;0.0135;0.0077;0.0008;-0.0024;-0.0069;-0.012;-0.0049;-0.0139;-0.0194;-0.0077
196308;0.0352;0.0389;0.0429;0.0525;0.0523;0.0755;0.0757;0.0491;0.0904;0.1047
196309;-0.0309;-0.0224;-0.0054;-0.0097;-0.0137;-0.0027;-0.0063;-0.01;-0.0192;-0.0368
196310;0.0125;-0.0012;0.02;0.0512;0.0232;0.0178;0.0663;0.0478;0.031;0.0301
196311;-0.0091;-0.0015;0.016;-0.0205;-0.0094;-0.0069;-0.0132;-0.0051;-0.002;0.0052
196312;0.0386;0.0063;0.0231;0.0183;0.03;0.0236;0.0125;0.0345;0.003;0.0128
196401;0.0374;0.0141;0.0274;0.0276;0.0176;0.0295;0.0288;0.0435;0.0207;0.0096
196402;0.0108;0.0172;0.0062;0.0214;0.0236;0.0166;0.0174;0.0378;0.0253;0.0389
196403;0.0105;0.0076;0.0005;0.012;0.0292;0.0169;0.0228;0.039;0.0589;0.0612
196404;0.0265;0.0181;0.0157;0.0138;-0.0089;0.0007;-0.0226;-0.0265;-0.0179;-0.0498
196405;0.0164;0.0171;0.0023;0.0281;0.0208;0.0084;0.0071;0.0309;0.0141;0.0133
196406;0.0152;0.022;0.0381;0.0034;0.0114;0.0139;0.0207;0.0001;0.0214;0.0166
196407;0.0407;0.0067;0.0486;0.0224;0.0343;0.0102;0.0107;-0.0054;0.0122;0.0048
196408;0.0134;-0.0159;0.0013;-0.0123;-0.0192;-0.0062;-0.0156;-0.0259;-0.0179;-0.0265
196409;0.0288;0.0117;0.0348;0.0319;0.0358;0.0372;0.0308;0.0291;0.0575;0.0568
196410;0.0117;0.0095;0.0094;0.0233;0.0146;0.0118;0.0064;-0.0254;-0.0042;0.0197
196411;0.013;0.0008;-0.0026;0.0089;0.0196;0.0093;-0.0009;-0.0157;-0.0296;-0.0231
196412;-0.0011;0.0196;0.0058;-0.0028;0.0009;0.0004;-0.01;0.0019;-0.01;-0.0045
196501;0.0289;0.0084;0.0402;0.0327;0.0555;0.0371;0.0484;0.0776;0.0619;0.079
196502;0.0117;-0.0079;-0.0001;-0.0149;-0.0043;0.0219;0.03;0.0312;0.0386;0.0518
196503;-0.0001;-0.0181;0.0009;-0.0103;-0.0262;-0.0153;-0.0115;-0.003;-0.002;-0.0056
196504;0.0129;0.0219;0.048;0.0267;0.0207;0.0606;0.0206;0.054;0.0531;0.0479
196505;-0.001;0.0114;-0.0246;-0.0074;0.0211;-0.015;-0.0049;-0.0057;-0.0149;-0.0124
196506;-0.0506;-0.0342;-0.0544;-0.0236;-0.0521;-0.0491;-0.0662;-0.058;-0.0859;-0.1053
196507;0.021;0.0178;0.0148;0.005;0.0065;0.0097;0.008;0.0364;0.0462;0.0667
196508;0.0116;0.0139;0.0162;0.03;0.0363;0.0458;0.0347;0.0497;0.0555;0.0943
196509;0.0492;0.0418;0.0313;0.0168;0.0278;0.0208;0.0248;0.0204;0.0565;0.0537
196510;0.0176;0.0314;0.0289;0.0135;0.0214;0.0313;0.0389;0.0417;0.0599;0.0799
196511;0.0135;-0.0232;-0.0079;-0.0276;0.0202;0.0074;0.0327;0.0136;0.0469;0.083
196512;0.0063;0.0054;0.0071;0.0129;0.0067;0.0117;0.0342;0.0048;0.0444;0.0507
196601;0.0098;-0.0006;0.0004;-0.0055;0.0161;0.0014;0.0197;0.019;0.0611;0.0644
196602;-0.0351;-0.0244;-0.0303;-0.0149;-0.0101;-0.007;-0.0045;0.0272;0.0307;0.0834
196603;-0.0134;-0.0323;-0.0304;-0.0174;-0.0256;-0.0375;-0.02;-0.0006;0.0004;-0.013
196604;0.027;0.0033;0.0031;0.0215;0.0144;0.0205;0.0515;0.0451;0.0535;0.0537
196605;-0.0484;-0.0473;-0.0384;-0.0347;-0.0497;-0.0501;-0.0522;-0.0512;-0.0991;-0.1237
196606;-0.0209;-0.02;-0.0295;-0.0058;-0.0151;-0.0195;0.0125;-0.0071;0.0032;0.0364
196607;-0.0036;-0.0068;-0.0048;-0.0138;-0.0032;-0.0005;-0.0214;-0.0326;-0.0232;-0.0194
196608;-0.0688;-0.0661;-0.0811;-0.0729;-0.0704;-0.0808;-0.0542;-0.0889;-0.0862;-0.0879
196609;0.0159;0.0163;0.0016;0.0018;-0.0167;-0.0035;-0.0259;-0.0199;-0.0503;-0.0538
196610;0.0578;0.0852;0.0723;0.0381;0.0531;0.0417;0.0203;0.0286;-0.0061;-0.0457
196611;-0.0109;-0.0176;0.0005;-0.0133;0.0148;0.0217;0.0215;0.0947;0.0849;0.1302
196612;-0.0016;0.0198;0.0103;-0.0081;0.021;0.0093;-0.0081;-0.003;0.0168;-0.0034
196701;0.0378;0.0573;0.0742;0.0803;0.0956;0.0774;0.1099;0.1103;0.1348;0.1512
196702;-0.0089;0.0051;0.0064;0.0009;0.012;0.0047;0.014;0.049;0.0132;0.0323
196703;0.0454;0.0304;0.0293;0.0324;0.062;0.0471;0.0559;0.0515;0.0586;0.0546
196704;0.0122;0.0125;0.0278;0.06;0.0413;0.0371;0.0585;0.0662;0.0526;0.0697
196705;-0.0186;-0.0428;-0.0268;-0.055;-0.0324;-0.0474;-0.0427;-0.0411;-0.058;-0.0244
196706;0.0185;0.0208;0.0154;0.0069;0.0302;0.0283;0.0282;0.0467;0.0401;0.0476
196707;0.0048;0.0448;0.053;0.0639;0.0618;0.0365;0.0704;0.0768;0.0607;0.095
196708;-0.0127;-0.0107;0.002;-0.0064;0.0032;-0.0137;-0.0039;0.0054;-0.0045;-0.0029
196709;0.0129;0.0345;0.0162;0.0309;0.0366;0.0667;0.0274;0.0267;0.0461;0.0337
196710;-0.0369;-0.0149;-0.0467;-0.0371;-0.0518;0.0255;-0.0457;-0.0256;-0.0193;-0.0341
196711;0.0089;0.0175;0.0077;0.0123;-0.0081;0.0121;0.0222;-0.0069;-0.0094;0.0097
196712;0.0256;0.0214;0.0539;0.0179;0.0323;0.0306;0.0624;0.0221;0.0452;0.0619
196801;0.003;-0.0166;-0.0105;-0.0435;-0.0306;-0.0656;-0.0474;-0.081;-0.0558;-0.0629
196802;-0.0195;-0.0201;-0.0274;-0.0326;-0.0263;-0.0339;-0.0361;-0.0446;-0.0667;-0.0672
196803;-0.0126;-0.0044;-0.0026;0.0088;0.0016;0.0366;0.0048;0.0137;0.0274;0.0233
196804;0.0465;0.0501;0.0821;0.0977;0.1023;0.1135;0.1189;0.1282;0.1407;0.1587
196805;0.0105;0.0046;0.0282;0.0178;0.0155;0.0439;0.056;0.0227;0.0704;0.0621
196806;0.0427;0.0209;0.041;0.0012;0.0099;-0.0053;0.0066;-0.021;0.007;-0.0161
196807;0.0323;-0.0055;-0.0422;-0.0369;-0.036;-0.0453;-0.0495;-0.0404;-0.0392;-0.0432
196808;0.0095;0.0131;0.0221;0.0133;0.0141;0.0182;0.0398;0.0282;0.0205;0.0378
196809;0.0175;0.0426;0.0495;0.0335;0.0512;0.0561;0.0524;0.0579;0.0626;0.0853
196810;0.0243;0.016;-0.0103;-0.0101;0.0302;0.004;0.0066;0.016;0.0124;-0.0123
196811;0.0688;0.0561;0.0379;0.0657;0.0199;0.0674;0.054;0.0688;0.0876;0.1087
196812;-0.0467;-0.0308;-0.0279;-0.0439;-0.0273;-0.0329;-0.0462;-0.0313;-0.029;-0.0201
196901;0.0092;-0.0021;-0.0071;-0.0306;-0.0045;-0.0077;-0.0179;-0.0177;-0.005;-0.0068
196902;-0.0412;-0.0532;-0.0329;-0.0389;-0.0334;-0.0556;-0.0584;-0.0837;-0.0929;-0.1204
196903;0.0312;0.0228;0.0281;0.0471;0.0363;0.0391;0.015;0.0126;0.0324;0.0275
196904;0.0233;0.0096;0.0353;0.0302;0.0187;0.0167;0.0016;0.0017;0.0295;0.028
196905;0.0164;0.0129;-0.0012;-0.0154;0.0175;0.0009;0.0027;-0.0234;0.0081;-0.021
196906;-0.0648;-0.0646;-0.0578;-0.0148;-0.0624;-0.066;-0.0679;-0.0936;-0.1091;-0.1474
196907;-0.0576;-0.0633;-0.0587;-0.0465;-0.0524;-0.0811;-0.074;-0.0956;-0.0767;-0.1162
196908;0.0292;0.0376;0.0534;0.0606;0.0581;0.0437;0.0618;0.0589;0.0872;0.0975
196909;-0.0497;-0.0291;-0.0185;-0.0169;-0.0032;-0.0068;-0.0256;-0.0262;-0.0181;-0.0224
196910;0.0304;0.0521;0.0413;0.0703;0.0688;0.0358;0.0758;0.0965;0.0724;0.1106
196911;-0.0351;-0.0393;-0.0268;-0.0267;-0.0197;-0.0376;-0.0179;-0.054;-0.0393;-0.0638
196912;-0.0262;-0.0001;-0.0107;-0.0029;-0.02;-0.0304;-0.0337;-0.0387;-0.047;-0.0534
197001;-0.0597;-0.0711;-0.0719;-0.0743;-0.0825;-0.0779;-0.076;-0.1094;-0.1043;-0.099
197002;0.0612;0.0697;0.0427;0.066;0.0502;0.0503;0.0429;0.09;0.0594;0.0457
197003;0.0184;-0.0063;0.0076;-0.0178;0.0027;-0.0001;-0.0173;-0.0195;-0.0401;-0.0496
197004;-0.081;-0.0794;-0.0883;-0.0896;-0.1202;-0.1117;-0.1135;-0.1407;-0.1653;-0.223
197005;-0.0133;-0.0628;-0.0588;-0.0693;-0.0987;-0.0866;-0.1047;-0.0929;-0.0935;-0.1088
197006;-0.052;-0.0229;-0.0501;-0.0412;-0.0779;-0.0217;-0.089;-0.0814;-0.0738;-0.1164
197007;0.0923;0.0689;0.0749;0.0386;0.1033;0.0602;0.0948;0.1;0.0766;0.0611
197008;0.0384;0.0362;0.0572;0.0506;0.0375;0.0685;0.0689;0.0939;0.0851;0.1162
197009;0.001;0.0286;0.0261;0.067;0.0366;0.091;0.0803;0.1002;0.1382;0.2033
197010;0.0026;0.0025;-0.0088;-0.0039;-0.02;-0.0424;-0.0507;-0.0687;-0.0745;-0.1186
197011;0.066;0.0521;0.0531;0.0475;0.0576;0.0418;0.0408;0.0515;0.0144;0.023
197012;0.0439;0.0598;0.0701;0.0581;0.081;0.0586;0.0714;0.0802;0.0818;0.0614
197101;0.0386;0.0208;0.0393;0.0423;0.0571;0.0926;0.1011;0.1068;0.139;0.1263
197102;-0.0019;0.0181;0.0145;0.029;0.0255;0.0212;0.0178;0.0171;0.0212;0.0431
197103;0.0221;0.0349;0.0364;0.0563;0.0321;0.0704;0.0401;0.0749;0.0764;0.0794
197104;0.0093;0.0357;0.0533;0.0272;0.052;0.0488;0.058;0.0679;0.07;0.0315
197105;-0.0404;-0.0256;-0.0342;-0.0556;-0.0367;-0.0222;-0.042;-0.0264;-0.0561;-0.0429
197106;0.0136;0.0094;0.0066;-0.0072;-0.0007;0.0151;-0.0394;0.0015;-0.0255;-0.0142
197107;-0.0137;-0.0378;-0.0362;-0.052;-0.0382;-0.0545;-0.0617;-0.0643;-0.0634;-0.1166
197108;-0.0006;0.0233;0.0743;0.0464;0.0526;0.0791;0.0466;0.0604;0.0906;0.0811
197109;-0.0048;0.0018;-0.0038;-0.005;-0.017;-0.0044;-0.0009;0;-0.0094;-0.0327
197110;-0.0089;-0.032;-0.0454;-0.0343;-0.0737;-0.0538;-0.0724;-0.0598;-0.0625;-0.0775
197111;0.0016;0.0143;-0.0009;0.0053;-0.0123;-0.0062;-0.0054;-0.0087;-0.0124;-0.0225
197112;0.0724;0.0849;0.0841;0.0972;0.1042;0.1071;0.1014;0.1069;0.1168;0.1343
197201;0.0073;0.0095;0.0011;0.0418;0.0311;0.0417;0.0623;0.0654;0.0776;0.1324
197202;0.0135;0.0314;0.0381;0.0218;0.0399;0.025;0.0356;0.0706;0.0446;0.0383
197203;-0.0138;0.0134;0.0264;0.024;0.016;-0.0038;-0.0214;0.0086;0.0093;-0.0023
197204;0.0004;0.0133;-0.0051;0.0041;0.0131;0.0171;0.0074;0.0353;0.0069;-0.0017
197205;0.0206;0.0243;0.003;0.0243;0.0265;0.0052;0.0004;0.0208;0.0028;0.001
197206;-0.0117;0.0043;-0.0273;-0.0204;-0.0267;-0.0236;-0.0426;-0.0331;-0.0634;-0.0783
197207;0.0118;0.0005;0.0059;-0.0061;-0.0029;-0.013;-0.0163;-0.0556;-0.0433;-0.0586
197208;0.0607;0.0312;0.0304;0.0512;0.0399;0.0441;0.0247;0.0098;-0.0015;-0.0059
197209;0.0104;0.0062;-0.0074;-0.014;-0.0102;-0.0369;-0.0279;-0.0496;-0.0305;-0.0464
197210;0.035;0.0122;-0.0103;0.0181;0.0015;-0.0065;0.0111;-0.0009;-0.0269;-0.0151
197211;0.0467;0.0511;0.0384;0.0584;0.0523;0.0493;0.0748;0.0563;0.0732;0.0499
197212;0.0142;0.0192;0.0143;0.0019;-0.0043;0.0102;0.0223;-0.0307;-0.0174;-0.0454
197301;-0.0025;-0.0194;0.0171;-0.0408;-0.0622;-0.0632;-0.0628;-0.0946;-0.0737;-0.1052
197302;-0.0373;-0.0355;-0.0162;-0.0522;-0.0525;-0.0551;-0.0717;-0.0487;-0.0974;-0.1082
197303;0.0126;-0.0059;-0.0093;0.0103;-0.0187;-0.0345;-0.0185;-0.0312;-0.0265;-0.0264
197304;-0.006;-0.0359;-0.0585;-0.0544;-0.0449;-0.09;-0.0711;-0.0787;-0.0931;-0.108
197305;0.0042;-0.0221;-0.0106;-0.0127;-0.0348;-0.0378;-0.0531;-0.0676;-0.0853;-0.1235
197306;0.0095;-0.0016;-0.0075;-0.0059;-0.0296;-0.0381;-0.0451;-0.0175;-0.054;-0.0538
197307;0.0176;0.0231;0.0429;0.0604;0.1195;0.1317;0.0989;0.1299;0.1591;0.2034
197308;-0.0384;-0.0312;-0.0306;-0.0045;-0.0168;-0.0247;-0.0396;-0.0546;-0.0401;-0.0472
197309;0.0436;0.0417;0.0091;0.104;0.0931;0.1039;0.0823;0.1133;0.1008;0.145
197310;0.0175;-0.0255;0.011;0.0111;0.0069;-0.0014;-0.0382;-0.0131;-0.0157;-0.0231
197311;-0.0828;-0.0964;-0.1075;-0.1053;-0.1772;-0.1689;-0.1852;-0.1899;-0.2305;-0.2483
197312;0.0299;0.0204;-0.0095;0.0413;-0.0047;0.0294;-0.0193;0.0095;0.0123;-0.0175
197401;-0.0374;0.0004;0.0167;-0.0241;0.0232;0.0303;0.0504;0.0377;0.0809;0.1148
197402;0.0002;-0.0036;-0.0032;0.0003;0.0179;0.0092;0.0077;0.0088;0.0364;0.015
197403;-0.0171;-0.0213;-0.0209;-0.0294;-0.0346;-0.0267;-0.0345;-0.0161;-0.0349;-0.0333
197404;-0.0454;-0.0469;-0.037;-0.0406;-0.043;-0.056;-0.0466;-0.0514;-0.0372;-0.0586
197405;-0.0361;-0.013;-0.0203;-0.0424;-0.0422;-0.0626;-0.087;-0.0593;-0.048;-0.0671
197406;-0.0209;-0.0091;-0.0076;-0.0093;-0.0355;-0.0192;-0.0517;-0.0329;-0.0471;-0.0499
197407;-0.0626;-0.0754;-0.0875;-0.0567;-0.0573;-0.0901;-0.0645;-0.0973;-0.0893;-0.0912
197408;-0.0757;-0.1006;-0.0781;-0.1062;-0.093;-0.0831;-0.0648;-0.0909;-0.0946;-0.0677
197409;-0.0952;-0.11;-0.1205;-0.1114;-0.1089;-0.1287;-0.1262;-0.1172;-0.0832;-0.1372
197410;0.1866;0.1871;0.131;0.1876;0.1594;0.2008;0.1296;0.0686;0.08;0.1266
197411;-0.0406;-0.049;-0.0414;-0.0211;-0.0408;-0.0522;-0.0399;-0.0373;-0.0496;-0.0392
197412;-0.0043;-0.0284;-0.0222;-0.0343;-0.0483;-0.0537;-0.0334;-0.0574;-0.0685;-0.0898
197501;0.0809;0.1353;0.1546;0.1529;0.1825;0.1796;0.1824;0.2666;0.3192;0.335
197502;0.0601;0.0485;0.0824;0.0409;0.0463;0.0694;0.0651;0.06;0.089;0.0715
197503;-0.0055;0.0211;0.0316;0.0557;0.0545;0.0696;0.0761;0.1075;0.0848;0.1385
197504;0.0321;0.0669;0.0252;0.0557;0.0638;0.078;0.0612;0.0652;0.1041;0.0532
197505;0.0697;0.0486;0.0367;0.0508;0.0526;0.037;0.0796;0.0855;0.0646;0.0716
197506;0.0432;0.0422;0.0512;0.0642;0.0648;0.0559;0.071;0.0951;0.0694;0.0915
197507;-0.0483;-0.0534;-0.0533;-0.0791;-0.0586;-0.0729;-0.0759;-0.0623;-0.0775;-0.0777
197508;-0.0202;-0.0056;-0.0233;-0.0126;-0.0328;-0.0269;-0.0469;-0.0492;-0.0557;-0.0545
197509;-0.0224;-0.0491;-0.0279;-0.0313;-0.0412;-0.0531;-0.0453;-0.0532;-0.0492;-0.0392
197510;0.0391;0.0532;0.06;0.0888;0.0579;0.069;0.0558;0.0633;0.0635;0.0537
197511;0.0159;0.0272;0.0411;0.0434;0.0313;0.026;0.0328;0.0441;0.0655;0.0173
197512;-0.0005;-0.0005;-0.0168;-0.0195;-0.0131;-0.0131;-0.0176;-0.0269;-0.0324;-0.0135
197601;0.0782;0.1373;0.1;0.1277;0.1362;0.1752;0.1457;0.1947;0.1713;0.2375
197602;-0.0131;-0.0105;-0.0042;-0.0016;0.0302;0.0253;0.0241;0.0401;0.0462;0.0881
197603;0.0349;0.0266;0.0395;0.0279;0.0226;0.01;0.0078;0.0154;0.0166;0.0134
197604;0.0082;0.002;-0.0091;-0.0347;-0.0025;-0.0061;-0.017;-0.0228;-0.0307;-0.0521
197605;0.0092;-0.0118;-0.0161;-0.0155;-0.0077;-0.0231;-0.0164;-0.0033;-0.0208;-0.0377
197606;0.0421;0.0386;0.0378;0.0467;0.0462;0.059;0.0457;0.0565;0.0676;0.0567
197607;0.0083;-0.005;-0.0082;-0.0114;0.0012;-0.0149;-0.0045;-0.0114;-0.0238;-0.0397
197608;0.0157;0.0021;-0.0011;0.0107;-0.0202;-0.008;-0.0265;-0.0184;-0.0221;-0.0433
197609;0.0423;0.0269;0.0301;0.0076;0.0065;0.0233;0.033;0.0121;0.0143;0.0273
197610;-0.0081;-0.0174;-0.0244;-0.0187;-0.023;-0.0276;-0.0274;-0.0326;-0.0475;-0.0525
197611;0.0167;-0.0092;-0.0198;0.0032;0.0194;0.0064;0.0262;0.0357;0.0308;0.0437
197612;0.0504;0.0644;0.0828;0.0358;0.068;0.0699;0.0678;0.0706;0.0885;0.0932
197701;-0.0086;-0.0334;-0.0516;-0.0592;-0.0441;-0.049;-0.03;-0.039;-0.0405;-0.0243
197702;-0.0113;-0.0217;-0.0204;-0.0077;-0.0095;-0.0186;-0.0194;-0.0292;-0.0235;-0.0286
197703;-0.0107;-0.011;-0.02;-0.0114;-0.0024;-0.0119;0.0044;0.0062;-0.0116;0.0007
197704;0.0207;0.0035;0.0008;-0.0276;0.0061;0.0288;0.018;0.0114;0.0182;-0.0121
197705;0;-0.0064;-0.0127;-0.0311;-0.0207;-0.0052;-0.006;0.0041;-0.0068;-0.0059
197706;0.0354;0.0515;0.0396;0.0558;0.0491;0.0619;0.0574;0.0805;0.0952;0.0865
197707;-0.0149;-0.0071;-0.0076;-0.0217;-0.0055;-0.018;-0.0208;-0.0115;-0.0144;-0.0006
197708;-0.03;-0.0255;0.0016;0;-0.0055;-0.0068;-0.0204;-0.006;-0.0006;-0.0007
197709;0.0092;0.0029;-0.0088;0.0073;-0.0041;-0.0046;-0.0017;-0.0017;0.0073;0.01
197710;-0.0344;-0.0247;-0.0383;-0.0556;-0.0402;-0.0387;-0.0309;-0.0519;-0.0403;-0.0463
197711;0.0257;0.0382;0.0363;0.0339;0.0615;0.0491;0.0776;0.0764;0.0942;0.0985
197712;0.0147;0.0035;0.0098;-0.0076;0.0056;0.0071;0.0095;0.003;0.0157;0.0134
197801;-0.0528;-0.0533;-0.0454;-0.0617;-0.0587;-0.0651;-0.0679;-0.0585;-0.0578;-0.0399
197802;0.0001;-0.0118;-0.0274;-0.0118;-0.0092;-0.0165;-0.0055;0.0041;0.0071;0.0192
197803;0.0224;0.0386;-0.003;0.034;0.0475;0.0511;0.0527;0.0527;0.0908;0.091
197804;0.0484;0.0565;0.1019;0.0965;0.1084;0.1082;0.1017;0.1038;0.1149;0.1099
197805;0.0085;0.016;0.0082;0.0246;0.0248;0.0254;0.044;0.0438;0.066;0.0806
197806;-0.0191;-0.0076;-0.0159;-0.0067;-0.0085;-0.0098;-0.0082;-0.0145;-0.0036;-0.0042
197807;0.0266;0.0394;0.0502;0.0696;0.0572;0.0688;0.0695;0.0806;0.081;0.1062
197808;0.0386;0.0279;0.0284;0.0361;0.0389;0.0538;0.0496;0.0457;0.0663;0.0987
197809;0.0244;0.0077;-0.0062;-0.0154;-0.0216;-0.0228;-0.0298;-0.0173;-0.0237;-0.0331
197810;-0.0761;-0.0841;-0.1055;-0.0893;-0.116;-0.1162;-0.1345;-0.1769;-0.1761;-0.2338
197811;0.0373;0.0274;0.0104;0.0331;0.0344;0.0357;0.0275;0.0569;0.0503;0.0811
197812;0.0097;0.0118;0.0005;0.0386;0.0279;0.0132;0.0183;0.0114;0.0043;0.034
197901;0.0416;0.0467;0.0544;0.0434;0.0554;0.0515;0.0429;0.0615;0.0705;0.0621
197902;-0.0094;-0.0171;-0.0255;-0.0244;-0.0388;-0.0413;-0.0345;-0.0538;-0.0533;-0.0678
197903;0.0478;0.0432;0.0622;0.062;0.0656;0.066;0.0879;0.097;0.0862;0.1153
197904;0.007;0.014;0.0081;-0.0033;0.0061;0.002;0.0084;0.0176;0.0252;0.0125
197905;-0.0105;-0.0107;-0.0075;-0.0163;-0.0212;-0.0133;-0.0064;-0.0247;-0.0196;-0.0322
197906;0.0518;0.0518;0.0445;0.0238;0.0597;0.0373;0.0543;0.0667;0.0422;0.0549
197907;0.0106;0.0221;0.0199;0.002;0.0116;0.0194;0.0135;0.0269;0.0323;0.0308
197908;0.0394;0.0583;0.0697;0.0506;0.0714;0.0687;0.0727;0.0845;0.0922;0.0867
197909;-0.0069;0.0267;0.0136;-0.009;0.0019;-0.0018;-0.0211;-0.0087;-0.0247;0.0007
197910;-0.0383;-0.0547;-0.0853;-0.0837;-0.0735;-0.0884;-0.0769;-0.0857;-0.1041;-0.1038
197911;0.0635;0.0538;0.0486;0.0694;0.0602;0.0735;0.0457;0.0721;0.0573;0.1183
197912;0;0.0155;0.027;0.0178;0.034;0.0335;0.0443;0.0434;0.0673;0.0754
198001;0.0539;0.0779;0.0891;0.0415;0.0567;0.0437;0.0621;0.0715;0.0425;0.0962
198002;0.0202;0.0698;0.0052;-0.045;-0.0308;-0.0435;-0.0445;-0.0291;-0.0079;-0.0192
198003;-0.0914;-0.1291;-0.1267;-0.1022;-0.1157;-0.09;-0.0898;-0.1277;-0.1575;-0.1879
198004;0.0757;0.0658;0.0532;0.0249;0.0421;0.0403;0.0327;0.0372;0.0599;0.0579
198005;0.0458;0.0498;0.0575;0.0653;0.0677;0.0794;0.0547;0.0784;0.0797;0.0801
198006;0.0349;0.0302;0.0532;0.0397;0.0308;0.0229;0.0367;0.0409;0.0288;0.0386
198007;0.007;0.0598;0.0561;0.0762;0.0952;0.0945;0.0964;0.1211;0.1231;0.1502
198008;0.0046;0.0166;0.0176;0.0129;0.0155;0.023;0.0596;0.0601;0.066;0.071
198009;-0.0176;0.0251;0.0347;0.0354;0.0412;0.0419;0.0404;0.036;0.0606;0.0573
198010;-0.0165;0.0281;0.0252;0.0165;0.017;0.0109;0.0311;0.0374;0.0247;0.0323
198011;-0.0016;0.107;0.1303;0.1364;0.1147;0.1152;0.1232;0.1151;0.1131;0.1228
198012;0.0326;-0.0277;-0.0386;-0.0442;-0.0346;-0.0488;-0.0557;-0.0157;-0.0366;-0.0449
198101;0.0226;-0.0349;-0.0556;-0.0446;-0.0468;-0.0393;-0.0496;-0.0754;-0.0668;-0.0631
198102;0.0122;0.0219;0.0237;0.015;0.0187;0.0285;0.032;0.0129;-0.0064;-0.0076
198103;0.0327;0.0199;0.0235;0.0375;0.0683;0.0602;0.0647;0.0787;0.1008;0.1314
198104;0.0295;-0.0131;-0.0324;-0.0356;-0.0067;-0.0065;-0.0039;-0.0009;0.0177;0.0242
198105;0.0399;-0.0074;-0.002;-0.0036;0.021;0.0136;0.0107;0.0242;0.0425;0.0618
198106;0.0081;0.006;0.0046;0.0045;-0.0211;-0.0164;-0.0164;-0.0372;-0.0421;-0.0692
198107;0.0046;-0.0286;-0.0387;-0.0244;-0.0115;0.0329;0.0441;0.0108;0.0123;0.0029
198108;-0.0064;-0.0444;-0.0451;-0.0641;-0.053;-0.0618;-0.0681;-0.0794;-0.0808;-0.0925
198109;0.0014;-0.0134;-0.0384;-0.0504;-0.0612;-0.0944;-0.0869;-0.0965;-0.0902;-0.1064
198110;0.0523;0.0613;0.0046;0.0584;0.0402;0.0713;0.0761;0.0887;0.0864;0.144
198111;0.0423;0.046;0.0483;0.0507;0.0571;0.0398;0.062;0.0494;0.0113;0.0043
198112;-0.024;-0.0234;0.005;-0.0226;-0.0292;-0.0333;-0.0515;-0.0304;-0.045;-0.0392
198201;0.0168;0.0078;0.0132;-0.0126;-0.0286;-0.0561;-0.0766;-0.062;-0.0418;-0.0426
198202;-0.0142;-0.0186;-0.024;-0.034;-0.0461;-0.043;-0.1045;-0.085;-0.0791;-0.1022
198203;0.0291;0.0091;0.0063;0.0059;-0.0116;-0.0156;-0.0246;-0.0553;-0.0274;-0.0541
198204;0.022;0.0471;0.0424;0.0448;0.039;0.0428;0.0479;0.0586;0.0627;0.0695
198205;-0.0105;-0.0373;-0.0284;-0.0294;-0.0314;-0.0067;-0.0125;-0.0373;-0.057;-0.0614
198206;-0.0163;0.0079;-0.0046;-0.0163;-0.0184;-0.0525;-0.0306;-0.0439;-0.0132;-0.0524
198207;0.0011;-0.0172;0.0198;-0.0175;-0.0235;-0.037;-0.0595;-0.0338;-0.0693;-0.0394
198208;0.1137;0.1139;0.108;0.1257;0.1226;0.1356;0.1142;0.1277;0.1088;0.137
198209;0.0095;0.0177;0.0344;0.0332;0.0195;0.0116;0.0228;0.0172;0.0124;-0.0068
198210;0.0726;0.1235;0.1117;0.1383;0.1169;0.1134;0.0975;0.1481;0.1584;0.1912
198211;0.0344;0.0575;0.0692;0.0447;0.0497;0.0666;0.0208;0.0528;0.0393;0.1024
198212;0.0117;-0.0056;0.0318;-0.0019;0.0213;0.0021;0.035;0.0105;0.0214;0.0016
198301;0.0529;0.0026;0.0254;0.0294;0.0223;0.0507;0.0482;0.0596;0.0654;0.1091
198302;0.014;0.0314;0.0356;0.051;0.0342;0.0356;0.0421;0.0549;0.0088;0.0244
198303;0.0204;0.0408;0.0305;0.0495;0.0618;0.027;0.0428;0.0288;0.0405;0.0154
198304;0.0457;0.0845;0.0985;0.091;0.0826;0.0498;0.0642;0.0689;0.0709;0.0742
198305;-0.0197;-0.0271;-0.027;0.0156;0.0179;0.0309;0.0252;0.0568;0.0563;0.0752
198306;-0.0128;0.0436;0.0605;0.0253;0.0316;0.0548;0.05;0.0552;0.0545;0.0414
198307;-0.0163;-0.0286;-0.0168;-0.0142;-0.0294;-0.0426;-0.0352;-0.046;-0.0492;-0.0787
198308;0.0214;-0.0043;0.0092;0.0006;0.0032;0.0226;0.0112;-0.006;-0.014;-0.0302
198309;0.0404;0.0271;0.0221;0.0354;0.0172;-0.0023;-0.0008;0.0161;0.0065;-0.0291
198310;0.0108;0.0062;-0.0005;-0.0182;-0.0443;-0.0389;-0.0521;-0.0463;-0.0735;-0.0999
198311;0.013;0.0132;0.0078;0.0338;0.0332;0.0434;0.0466;0.0548;0.0451;0.0633
198312;-0.0298;-0.026;0.0068;-0.0055;0.0031;0.0007;-0.0089;0.0176;-0.0166;-0.0182
198401;0.0104;-0.0106;-0.0231;-0.0146;0.0001;0.0251;-0.0301;0.0205;-0.0381;-0.0642
198402;-0.0341;-0.0338;-0.0367;-0.0354;-0.0333;-0.0285;-0.0616;-0.0579;-0.0336;-0.0633
198403;-0.0155;0.0032;0.0237;0.0325;0.0125;0.0202;0.0311;0.0218;0.0081;0.0017
198404;0.0033;0.0062;0.0138;0.0071;0.0108;0.0174;-0.0017;-0.0027;-0.0176;-0.0177
198405;-0.0176;-0.0504;-0.0486;-0.0562;-0.0696;-0.0454;-0.0573;-0.0697;-0.059;-0.0892
198406;0.052;0.0568;0.0096;0.0558;0.0057;0.0171;0.0228;0.0216;0.0104;0.0234
198407;0.0135;-0.0151;-0.0022;-0.0178;-0.0235;-0.0339;-0.0361;-0.0454;-0.0526;-0.0792
198408;0.0632;0.0898;0.1098;0.1249;0.1215;0.1231;0.1262;0.1301;0.1529;0.1737
198409;0.0305;0.0041;0.0119;0.0003;-0.0034;-0.0104;-0.0163;-0.018;-0.0233;-0.0316
198410;0.029;0.0213;0.0099;-0.0115;-0.0075;0.0018;-0.0193;-0.0286;-0.0011;-0.0312
198411;0.0142;0.0062;-0.0157;-0.0058;-0.0016;-0.0322;-0.0204;-0.006;-0.0323;-0.0402
198412;0.022;0.0267;0.0333;0.0233;0.0132;0.0268;0.0261;0.0115;0.0204;0.0267
198501;0.0261;0.0589;0.0879;0.092;0.0778;0.1096;0.0959;0.1037;0.1212;0.1675
198502;0.0283;0.0299;0.0076;0.021;0.0285;0.0221;0.015;0.0119;0.0141;-0.0068
198503;0.0466;0.0201;-0.0171;0.0041;-0.0199;-0.0063;-0.0149;-0.0031;-0.015;-0.0393
198504;-0.0059;-0.0018;0.001;0.0229;0.0111;-0.0118;-0.0031;-0.0133;-0.0229;-0.0442
198505;0.0685;0.0686;0.0673;0.0653;0.0436;0.0494;0.0512;0.0382;0.05;0.0366
198506;0.0368;0.0197;0.0021;0.04;0.011;-0.0007;0.0234;0.0043;0.0107;0.0133
198507;-0.0446;-0.0145;0.0102;0.0129;-0.0063;-0.0003;0.0047;0.021;0.0329;0.0148
198508;0.0135;0.0056;-0.0092;-0.0072;-0.0116;-0.0074;-0.0001;-0.0157;-0.0128;-0.029
198509;-0.0275;-0.0161;-0.0278;-0.0337;-0.0388;-0.0328;-0.0455;-0.0689;-0.0657;-0.0767
198510;0.0516;0.0514;0.0485;0.0482;0.0628;0.0363;0.046;0.0344;0.0179;0.0487
198511;0.0723;0.0735;0.0748;0.0727;0.0494;0.0716;0.0592;0.0686;0.0829;0.083
198512;0.0483;0.0462;0.061;0.0386;0.0289;0.0508;0.0267;0.0327;0.0439;0.0482
198601;0.0021;0.0285;0.0028;0.0182;0.002;0.0301;0.0006;0.0065;-0.0023;0.0208
198602;0.088;0.073;0.065;0.0806;0.0952;0.0916;0.0749;0.0666;0.0774;0.0746
198603;0.0545;0.0717;0.061;0.0519;0.0543;0.0486;0.0423;0.0582;0.0506;0.032
198604;-0.008;0.003;-0.0063;-0.0013;-0.0207;-0.011;-0.0145;-0.0252;-0.0017;-0.0154
198605;0.0448;0.0635;0.0471;0.0491;0.0598;0.0581;0.0531;0.0495;0.0552;0.0315
198606;0.0476;0.0529;0.0176;0.0042;0.002;-0.0124;-0.0074;-0.0182;0.0025;-0.02
198607;0.0022;-0.029;-0.0545;-0.0733;-0.0638;-0.0702;-0.0939;-0.0715;-0.0966;-0.0959
198608;0.05;0.0805;0.074;0.0739;0.0691;0.0729;0.0489;0.0567;0.0681;0.0474
198609;-0.0967;-0.0776;-0.0706;-0.0796;-0.081;-0.0854;-0.0875;-0.0803;-0.0737;-0.1006
198610;0.0717;0.0448;0.0285;0.0532;0.0635;0.0573;0.056;0.0562;0.0574;0.0631
198611;0.0117;0.0181;0.0181;0.0285;0.004;0.0173;0.0228;0.0115;0.0173;-0.0023
198612;-0.0307;-0.0152;-0.0272;-0.0199;-0.0337;-0.0255;-0.036;-0.0249;-0.0446;-0.0307
198701;0.0965;0.1227;0.1129;0.147;0.1287;0.1385;0.1249;0.1529;0.1354;0.1731
198702;-0.0064;0.0181;0.0432;0.0419;0.0755;0.0512;0.0796;0.0732;0.074;0.1147
198703;0.0085;0.0307;0.0362;0.0232;0.0127;0.0221;0.004;0.0148;0.0203;-0.0099
198704;-0.0346;-0.022;-0.0095;-0.0022;-0.0112;0.0024;-0.012;-0.0419;-0.0272;-0.0273
198705;0.0087;0.0115;0.0107;-0.0094;0.0108;0.0057;0.0213;-0.0027;0.0135;-0.0039
198706;0.0476;0.061;0.0454;0.0562;0.0445;0.0449;0.0503;0.0411;0.036;-0.0074
198707;0.0252;0.0308;0.0475;0.067;0.0368;0.0511;0.0528;0.0594;0.052;0.0276
198708;0.0322;0.0396;0.0279;0.0581;0.0509;0.0328;0.0205;0.0289;0.0608;0.0482
198709;-0.0257;-0.0074;-0.006;0.0005;-0.0394;-0.0225;-0.0328;-0.0117;-0.0435;-0.0523
198710;-0.1212;-0.1512;-0.2032;-0.2399;-0.2436;-0.2478;-0.2716;-0.2626;-0.2969;-0.3314
198711;-0.0655;-0.0851;-0.0668;-0.0677;-0.0709;-0.0733;-0.0705;-0.0667;-0.1047;-0.0943
198712;0.0325;0.045;0.0593;0.07;0.0803;0.0893;0.1058;0.1059;0.0964;0.1124
198801;0.0967;0.0541;0.0424;0.0402;0.0148;0.039;0.0452;0.0289;0.0412;0.0409
198802;0.0157;0.0251;0.0388;0.0575;0.0564;0.0671;0.0792;0.076;0.0802;0.0854
198803;-0.0126;-0.0246;-0.0188;-0.0201;-0.041;-0.0293;-0.005;0.0001;-0.0257;-0.0142
198804;0.0225;0.008;0.0093;-0.0016;0.0118;0.0045;0.0292;-0.0093;0.0012;0.0298
198805;0.0148;0.0164;0.0081;-0.0077;0.0064;-0.0017;0.0013;-0.0046;-0.0055;-0.0124
198806;-0.0002;0.0299;0.0464;0.0588;0.078;0.0535;0.0836;0.0594;0.0824;0.0838
198807;0.0066;0.0043;-0.0026;-0.0147;-0.022;0.0029;-0.0059;-0.0124;-0.0226;-0.028
198808;-0.0077;-0.0117;-0.0216;-0.0377;-0.0313;-0.0244;-0.0371;-0.0362;-0.0468;-0.0535
198809;0.0186;0.0299;0.0356;0.0443;0.0471;0.0497;0.0533;0.0411;0.0404;0.03
198810;0.0193;0.0308;0.0204;0.0296;0.0173;0.0093;0.0336;-0.0008;-0.018;0
198811;0.0002;-0.0139;-0.012;-0.0207;-0.0099;-0.0195;-0.0141;-0.0361;-0.0379;-0.0452
198812;0.0149;0.0126;0.0195;0.0212;0.0208;0.0208;0.0183;0.0344;0.0286;0.0429
198901;0.0255;0.0598;0.0668;0.0631;0.0863;0.0671;0.0807;0.0701;0.081;0.0632
198902;-0.0124;-0.0231;-0.0131;-0.0238;-0.0226;-0.0135;-0.0177;-0.0185;-0.0028;-0.0135
198903;0.0152;0.0321;0.0298;0.0036;0.0091;0.042;0.0225;0.0294;0.0212;0.0125
198904;0.0383;0.051;0.0567;0.0504;0.051;0.0506;0.0457;0.0554;0.04;0.0518
198905;0.0461;0.039;0.0378;0.0269;0.0413;0.0423;0.037;0.0552;0.0762;0.0586
198906;0.0186;0.0071;-0.0035;0.0015;-0.0108;-0.0144;-0.0189;-0.0119;-0.0251;-0.0399
198907;0.0531;0.0634;0.0916;0.0702;0.0861;0.0975;0.0886;0.0884;0.0919;0.0628
198908;-0.0062;0.009;0.0271;0.0181;0.032;0.0183;0.0216;0.0349;0.0243;0.0508
198909;0.0021;0.01;0.0111;-0.0149;0.0021;-0.0126;-0.0133;-0.0086;0.0038;0.0083
198910;0.0143;-0.01;-0.0147;-0.0393;-0.0357;-0.0383;-0.0611;-0.0359;-0.052;-0.0621
198911;0.03;0.0293;0.0234;0.002;0.0168;0.0169;0.0112;0.0064;0.0178;-0.0028
198912;0.0416;0.0479;0.0311;0.0016;0.0111;0.0184;0.0016;-0.0187;-0.0005;-0.0044
199001;-0.0479;-0.0679;-0.0878;-0.0636;-0.0757;-0.0679;-0.0703;-0.0637;-0.0756;-0.0961
199002;0.0084;0.0022;0.0109;0.0266;0.019;0.0104;0.0249;0.0238;0.0367;0.0458
199003;-0.0076;0.0162;0.0294;0.0308;0.0115;0.0315;0.0498;0.0216;0.0328;0.0634
199004;-0.0447;-0.0278;-0.0281;-0.0118;-0.0322;-0.0102;-0.0398;-0.0315;-0.0151;-0.0483
199005;0.0465;0.0795;0.0877;0.0979;0.099;0.0784;0.101;0.102;0.1416;0.127
199006;0.0026;-0.0143;-0.0209;0.001;-0.0091;0.0096;0.0014;-0.001;0.0155;-0.0045
199007;0.022;0.0171;0.0042;-0.0183;-0.0135;-0.0152;-0.0156;-0.0549;-0.0313;-0.0633
199008;-0.0647;-0.055;-0.0913;-0.0867;-0.0889;-0.1041;-0.1089;-0.1325;-0.128;-0.1572
199009;-0.0036;-0.016;-0.0369;-0.0329;-0.0719;-0.0926;-0.0619;-0.0985;-0.0702;-0.1455
199010;0.0527;-0.0023;-0.0036;-0.0004;-0.0168;-0.03;-0.0123;-0.0471;-0.0428;-0.0514
199011;0.0212;0.0433;0.0492;0.0695;0.0808;0.0847;0.0767;0.1086;0.1127;0.1378
199012;0.0157;0.0125;0.0254;0.0263;0.0372;0.0431;0.0444;0.0479;0.0393;0.0537
199101;-0.0099;-0.0035;0.0097;0.0552;0.0612;0.0738;0.1038;0.1052;0.0939;0.1375
199102;0.0534;0.0681;0.0616;0.0685;0.0906;0.0685;0.0972;0.0819;0.0933;0.113
199103;0.0231;0.0242;0.0333;0.0053;0.0402;0.0254;0.0264;0.0545;0.0505;0.0679
199104;0.0071;0.0057;0.0125;-0.009;-0.0035;0.0179;-0.0046;-0.0091;0.0136;0.0006
199105;-0.0022;0.0039;0.0118;0.0583;0.0514;0.0611;0.0646;0.0516;0.0712;0.0499
199106;-0.0155;-0.0262;-0.0215;-0.0396;-0.0594;-0.0408;-0.0719;-0.065;-0.0567;-0.0698
199107;0.0477;0.0291;0.0552;0.0434;0.0433;0.0324;0.0663;0.0551;0.064;0.062
199108;0.0254;0.0132;0.023;0.0281;0.0372;0.0278;0.0282;0.0287;0.056;0.0475
199109;0.0347;0.0011;-0.0062;-0.0386;-0.0106;-0.029;-0.0256;-0.0194;-0.0122;-0.0058
199110;0.0161;0.0255;0.0214;0.0111;0.0303;0.0053;0.0069;0.0066;0.003;0.0177
199111;0.0026;-0.0332;-0.0286;-0.0359;-0.0497;-0.0539;-0.0329;-0.0605;-0.0594;-0.0418
199112;0.0556;0.0819;0.0974;0.1233;0.1352;0.1537;0.1159;0.1506;0.128;0.1318
199201;-0.0356;-0.0353;-0.0304;-0.0068;-0.0048;0.0098;0.0229;0.0225;0.0792;0.0929
199202;-0.0137;-0.0073;0.004;0.0077;0.011;0.0374;0.0476;0.0477;0.0433;0.0101
199203;-0.0121;-0.0174;-0.019;-0.0126;-0.0289;-0.0235;-0.0267;-0.0069;-0.0533;-0.0505
199204;0.0361;0.0478;0.0215;0.0324;0.0213;0.0122;-0.0059;-0.0092;-0.0232;-0.0722
199205;0.0186;0.0048;0.0179;-0.0037;0.0013;0.0133;0.0166;-0.005;-0.0055;-0.0186
199206;0.0033;0.0006;-0.0264;-0.0242;-0.0231;-0.0163;-0.0235;-0.0368;-0.0284;-0.0547
199207;0.0617;0.0412;0.0446;0.0412;0.0391;0.0263;0.0418;0.0468;0.0286;0.0413
199208;-0.0021;-0.0034;-0.0143;-0.0339;-0.0231;-0.0119;-0.0463;-0.0447;-0.0475;-0.0436
199209;0.0067;0.0056;-0.0021;0.0044;0.0234;0.0316;0.0278;0.0381;0.024;0.0069
199210;-0.0051;-0.0186;0.01;0.0187;-0.0028;0.0135;0.0188;0.0451;0.0592;0.0606
199211;-0.0125;0.0146;0.0189;0.0365;0.0555;0.0616;0.0645;0.0669;0.1021;0.111
199212;0.0311;0.0011;0.0179;0.0135;0.0058;0.0206;0.0319;0.0294;0.0356;0.0276
199301;0.0295;0.0033;-0.0063;-0.0068;0.0011;0.0104;0.0232;0.0494;0.0478;0.0299
199302;0.0514;0.0435;0.0071;-0.0027;-0.015;0.0028;-0.0069;-0.0016;-0.0241;-0.045
199303;0.0229;0.0214;0.0135;0.0214;0.0285;0.0262;0.0261;0.0386;0.0378;0.04
199304;-0.0061;-0.0165;-0.0231;-0.0021;-0.0451;-0.0505;-0.0198;-0.0381;-0.0494;-0.0411
199305;0.0064;0.0097;0.0264;0.0178;0.0262;0.047;0.0486;0.0496;0.0507;0.0772
199306;0.02;0.0175;0.0039;-0.0112;-0.0017;-0.0062;0.0025;0.0077;0.0189;0.0114
199307;0.0076;0.0093;-0.0064;-0.0131;-0.0169;0.017;-0.0167;0.0015;-0.0047;0.0072
199308;0.035;0.0471;0.0302;0.033;0.038;0.0207;0.053;0.0388;0.0538;0.0492
199309;-0.0049;-0.0014;-0.0146;-0.0082;-0.018;0.0006;0.0158;0.0002;0.0342;0.0338
199310;-0.0084;0.006;0.0165;0.0379;0.0316;0.027;0.0238;0.0087;-0.0162;0.0089
199311;-0.0364;-0.0356;-0.0185;0.0151;0.0092;-0.0093;-0.0249;-0.0085;-0.0118;-0.0298
199312;0.0202;0.0027;0.0161;0.0225;0.0024;0.0278;0.0261;0.0342;0.0263;0.0192
199401;0.0062;0.021;0.0168;0.036;0.0413;0.0296;0.0413;0.0337;0.0503;0.0491
199402;-0.0436;-0.0397;-0.0245;-0.0302;-0.0066;-0.018;-0.0251;-0.0074;-0.014;-0.008
199403;-0.0292;-0.0277;-0.0359;-0.0504;-0.0465;-0.0522;-0.0491;-0.0674;-0.041;-0.0458
199404;0.0245;0.0216;0.0201;0.0155;0.0075;0.0074;-0.0224;-0.0082;0.0069;0.0122
199405;-0.0081;-0.0011;0.0294;0.0215;-0.0102;0.0229;0.019;0.0158;0.0084;0.0129
199406;-0.0235;-0.0095;-0.0161;-0.0388;-0.0116;-0.03;-0.031;-0.0342;-0.0418;-0.0421
199407;0.0291;0.0276;0.0341;0.0298;0.0401;0.0245;0.0375;0.0201;0.0416;0.0199
199408;0.0126;0.0144;0.0523;0.0708;0.0311;0.0337;0.0396;0.0592;0.0763;0.081
199409;-0.0098;-0.0153;-0.0107;-0.0074;-0.0316;-0.0383;-0.0274;-0.0207;-0.0372;-0.0265
199410;0.0268;0.0249;0.0203;0.0124;0.0124;0.0202;0.0107;0.0064;0.0294;0.0131
199411;-0.0407;-0.0315;-0.0214;-0.0277;-0.0383;-0.0464;-0.0244;-0.0431;-0.0501;-0.0453
199412;0.0071;0.0103;0.0209;0.0256;-0.0048;0.0238;0.0131;-0.0036;0.0022;0.0057
199501;0.0269;0.038;0.0177;0.0166;0.035;0.016;0.0324;0.0119;0.0235;0.0141
199502;0.0292;0.0215;0.0309;0.0397;0.0347;0.0449;0.0588;0.0536;0.0657;0.0558
199503;0.0279;0.0171;0.0274;0.0367;0.0382;0.023;0.0176;0.0371;0.0192;0.0209
199504;0.0419;0.0325;0.0276;0.0341;0.003;0.0162;0.0303;0.0133;0.0379;0.0109
199505;0.0315;0.0254;0.0367;0.0471;0.0304;0.0344;0.0367;0.0428;0.0457;0.0384
199506;0.0008;0.0033;0.0315;0.0223;0.0416;0.0234;0.0499;0.0478;0.0618;0.0733
199507;0.0392;0.0164;0.0308;0.0241;0.0378;0.0368;0.0517;0.0666;0.0499;0.0908
199508;0.0074;0.0075;0.0054;0.003;-0.0039;0.0137;0.0206;0.0123;0.0067;0.0439
199509;0.0227;0.0618;0.0447;0.0518;0.0444;0.0201;0.0358;0.0356;0.0213;0.033
199510;0.0107;0.006;-0.0022;0.0007;-0.0249;0.0028;-0.0371;-0.047;0.0064;-0.0483
199511;0.0213;0.0411;0.054;0.0599;0.0698;0.0293;0.0572;0.0361;0.0125;0.0365
199512;0.0509;0.0356;0.0222;0.019;0.0279;0.0003;0.0115;-0.0006;-0.0277;-0.018
199601;0.0232;0.0253;0.0281;0.0343;0.0223;0.0392;0.0419;0.0228;0.0118;0.0324
199602;-0.0045;-0.0131;0.0196;0.0078;0.0169;0.0286;0.0153;0.0435;0.0532;0.0396
199603;-0.009;0.0086;0.0161;-0.0002;0.0346;0.0162;0.0133;0.0276;0.0071;-0.0072
199604;0.0129;0.0107;0.0032;0.0071;0.0071;0.0349;0.0225;0.029;0.0632;0.0578
199605;0.0075;0.0113;0.033;0.0309;0.0421;0.0198;0.0299;0.0163;0.0435;0.0315
199606;0.0165;0.0188;0.0099;0.0073;0.0164;-0.0207;-0.0231;-0.0244;-0.0399;-0.0367
199607;-0.0384;-0.0371;-0.0637;-0.0422;-0.0468;-0.0472;-0.0438;-0.0708;-0.0568;-0.0827
199608;0.0395;0.0118;0.0217;0.0341;0.0373;0.0266;0.0168;0.0461;0.0422;0.0505
199609;0.0291;0.0343;0.0361;0.0461;0.0536;0.0548;0.0553;0.064;0.0703;0.1059
199610;0.03;0.0287;0.0215;0.009;0.0311;0.0248;0.0142;-0.0068;0.02;0.0105
199611;0.0718;0.0493;0.0535;0.0533;0.0665;0.0708;0.0831;0.1034;0.0793;0.0833
199612;-0.0089;0;0.0047;-0.0155;-0.0299;-0.0169;0.0027;-0.0201;-0.0284;-0.01
199701;0.0267;0.038;0.0386;0.0557;0.0447;0.0623;0.0732;0.0544;0.0677;0.1061
199702;-0.0158;0.0058;0.0048;0.0155;0.024;0.0116;0.0074;0.0088;0.0032;-0.0661
199703;-0.0311;-0.0049;-0.0383;-0.0509;-0.0341;-0.0383;-0.0587;-0.0507;-0.0784;-0.069
199704;0.0337;0.0269;0.0323;0.068;0.0562;0.0565;0.0739;0.0383;0.0706;0.025
199705;0.0674;0.0589;0.0633;0.0598;0.073;0.0525;0.0694;0.074;0.0747;0.1037
199706;0.0418;0.0394;0.0443;0.0406;0.0629;0.0481;0.0378;0.0385;0.0523;0.0164
199707;0.06;0.0901;0.0418;0.0761;0.0761;0.0797;0.061;0.0933;0.1182;0.0873
199708;-0.0069;-0.024;-0.0703;-0.0409;-0.0477;-0.0479;-0.0303;-0.0471;-0.0391;-0.007
199709;0.0418;0.0528;0.051;0.0472;0.0461;0.0683;0.0534;0.0653;0.0608;0.0873
199710;-0.0458;-0.0247;-0.0205;-0.0261;-0.0351;-0.0332;-0.0014;-0.0491;-0.0615;-0.0446
199711;0.0197;0.0229;0.0471;0.0508;0.0517;0.0552;0.0351;0.0388;0.0289;-0.0086
199712;0.0164;0.0135;0.0399;0.0109;0.0149;0.0265;0.02;0.0218;0.0203;-0.0092
199801;-0.006;-0.0157;-0.0055;0.0162;0.0023;0.0059;0.0156;0.0349;-0.0211;0.0096
199802;0.0791;0.0608;0.0641;0.0771;0.0705;0.061;0.062;0.0796;0.107;0.0753
199803;0.0691;0.062;0.0526;0.0476;0.0443;0.069;0.0801;0.0199;0.0303;0.0376
199804;0.0028;0.0191;-0.0073;0.0209;0.0037;-0.0021;0.0143;0.0018;0.0276;0.0373
199805;-0.02;-0.0022;0.0029;-0.0318;-0.0074;-0.0299;-0.0286;-0.017;-0.0413;-0.0502
199806;0.0285;0.032;0.0285;0.0576;0.02;0.0387;0.0136;0.0411;0.0342;0.0559
199807;-0.0125;-0.0472;-0.0239;-0.0141;-0.027;-0.0181;-0.0177;-0.002;-0.0057;-0.0236
199808;-0.1197;-0.115;-0.1007;-0.1199;-0.1392;-0.1509;-0.1761;-0.198;-0.2221;-0.2348
199809;0.0728;0.032;0.0717;0.069;0.0504;0.0762;0.0873;0.0706;0.0492;0.0739
199810;0.0676;0.0585;0.0729;0.0589;0.073;0.0849;0.0702;0.0934;0.0975;0.1159
199811;0.0313;0.0428;0.0574;0.0796;0.0463;0.0706;0.0315;0.0961;0.0771;0.0957
199812;0.0484;0.0308;0.0503;0.0418;0.0572;0.0565;0.0555;0.0644;0.1162;0.1586
199901;-0.0052;-0.0451;0.0074;0.0628;0.0089;0.0101;0.0029;0.0761;0.1345;0.111
199902;-0.0108;-0.0113;-0.0246;-0.0544;-0.0255;-0.0214;-0.0132;-0.0534;-0.0697;-0.0787
199903;0.0154;0.0097;-0.0041;0.0653;0.0393;0.0028;0.0394;0.0221;0.0549;0.1057
199904;0.0315;0.0563;0.0707;0.0426;0.0387;0.0186;0.0141;0.0491;0.0303;0.0563
199905;-0.0295;-0.0062;0.0016;-0.0236;-0.018;0.0063;-0.0192;-0.0392;-0.0278;-0.0041
199906;0.0401;0.0069;0.0158;0.0692;0.0535;0.0452;0.038;0.0772;0.1067;0.0743
199907;-0.0227;-0.0197;-0.0112;-0.0272;-0.0201;-0.0212;-0.0059;-0.0684;-0.0293;-0.0539
199908;0.0209;-0.0141;-0.0389;0.0217;-0.0421;0.0084;-0.0234;-0.0199;-0.0169;-0.0105
199909;-0.0492;-0.0444;0.0014;-0.02;-0.0121;-0.0526;-0.05;-0.0133;-0.0508;0.0135
199910;0.0393;0.0537;0.0268;0.0748;-0.0055;0.0842;0.0403;0.0808;0.0554;0.1062
199911;-0.0244;0.0176;0.0127;-0.024;0.0083;0.0351;0.0308;0.089;0.0667;0.0829
199912;-0.0302;-0.0593;-0.0145;0.1167;0.0573;0.0485;0.1119;0.1583;0.0983;0.1292
200001;-0.0392;0.0178;-0.0054;-0.1002;-0.0213;-0.0301;-0.0713;-0.0493;-0.0244;-0.0696
200002;-0.062;-0.1001;-0.0791;-0.0542;-0.0259;-0.0286;-0.0355;0.1149;0.141;0.1705
200003;0.0908;0.0827;0.0959;0.1057;0.1076;0.1298;0.0963;0.1014;-0.0067;0.0234
200004;0.0464;0.0276;0.0156;-0.0926;-0.0137;-0.0254;-0.037;-0.0532;-0.0387;-0.0729
200005;0.0451;0.0691;0.0157;-0.0101;-0.0426;-0.0156;-0.0226;-0.0766;-0.0852;-0.0755
200006;0.0064;-0.0006;-0.0049;0.043;0.0275;0.0163;-0.0119;0.0377;0.0881;0.0758
200007;-0.0446;-0.0346;-0.0154;-0.0126;0.0002;-0.0145;0.0236;-0.0149;-0.0339;-0.025
200008;0.0933;0.0162;0.0494;0.0626;0.0859;0.0457;0.085;0.0773;0.0803;0.111
200009;0.0559;0.053;0.0544;0.0525;-0.113;-0.0333;-0.0351;-0.066;-0.1194;-0.1308
200010;0.0024;0.0674;0.0006;0.0573;0.0198;-0.0025;-0.0247;-0.0058;-0.0574;-0.0958
200011;0.0109;0.0311;0.0007;-0.058;-0.0752;-0.067;-0.1304;-0.104;-0.1627;-0.2087
200012;0.0417;0.0433;0.0747;0.0158;-0.0157;-0.0354;0.0314;0.0612;-0.0255;0.0119
200101;-0.0793;-0.0673;-0.0444;0.004;0.0186;0.1317;0.0414;0.0592;0.0662;0.1708
200102;0.0268;-0.0107;-0.0074;-0.0187;-0.0578;-0.091;-0.1061;-0.0936;-0.1996;-0.2127
200103;-0.0292;-0.0381;-0.0349;-0.0671;-0.0744;-0.0569;-0.0566;-0.034;-0.1248;-0.1225
200104;0.0572;0.0355;0.0412;0.0424;0.1023;0.1193;0.0769;0.0852;0.0658;0.1395
200105;0.0252;0.0191;0.0092;0.0228;-0.002;0.0105;0.0121;0.0031;0.0228;0.0028
200106;-0.0322;-0.0571;-0.0255;-0.0283;0.004;-0.0003;-0.015;-0.0235;0.0142;-0.0105
200107;-0.0249;0.0268;0.0093;0.0215;0.0338;0.0254;-0.0424;-0.0032;-0.0388;-0.0765
200108;0.0117;-0.0275;-0.0248;-0.0286;-0.056;-0.0453;-0.0503;-0.0563;-0.0996;-0.1365
200109;-0.0382;-0.0111;-0.0318;-0.0376;-0.0159;-0.0518;-0.0824;-0.1669;-0.1569;-0.1861
200110;0.0077;-0.0004;-0.0155;0.0092;-0.0548;0.0085;-0.0005;0.0924;0.0604;0.1222
200111;0.0051;0.0281;0.028;0.0577;0.0375;0.0565;0.0738;0.1569;0.1365;0.1463
200112;0.0337;0.0008;0.0265;-0.0173;0.0295;0.0297;0.0214;0.0215;0.028;-0.0048
200201;-0.0047;-0.0022;-0.011;0.0217;0.009;-0.002;-0.026;-0.0078;-0.0464;-0.0299
200202;0.0215;0.0202;0.0212;0.0108;0.0257;0.0175;0.0086;-0.0617;-0.0613;-0.1231
200203;0.0529;0.0316;0.0333;0.0304;0.0147;0.0285;0.0198;0.0681;0.062;0.0799
200204;0.0171;-0.009;-0.0417;-0.0264;-0.0547;-0.0185;-0.0514;-0.063;-0.0784;-0.1347
200205;-0.0176;-0.0144;0.0009;-0.0089;0.027;-0.013;0.001;-0.0212;-0.0062;-0.0419
200206;-0.0795;-0.0769;-0.0448;-0.0171;-0.052;-0.0496;-0.0505;-0.1354;-0.0719;-0.1265
200207;-0.0433;-0.0494;-0.0739;-0.0882;-0.076;-0.0737;-0.0295;-0.0808;-0.1165;-0.124
200208;0.0326;0.0108;0.0095;-0.0236;0.0103;0.0233;-0.0236;0.0168;0.0134;-0.0105
200209;-0.0714;-0.0697;-0.0987;-0.0993;-0.0645;-0.1017;-0.1231;-0.1163;-0.1149;-0.156
200210;0.037;0.0303;0.0488;0.1077;0.0467;0.0657;0.0298;0.0894;0.1446;0.1795
200211;0.0214;0.0009;0.0127;0.0495;0.0062;0.0315;0.0659;0.088;0.0981;0.2137
200212;0.0001;-0.0107;-0.0164;-0.0427;-0.0186;-0.044;-0.0599;-0.0731;-0.1157;-0.1393
200301;-0.0303;-0.0248;-0.0024;-0.0357;-0.0419;-0.0333;-0.041;-0.0125;-0.0487;-0.0007
200302;-0.0314;-0.0214;-0.0158;-0.0423;-0.026;-0.0264;-0.0029;-0.018;-0.002;-0.0056
200303;0.0103;0.019;0.0164;0.0131;0.0138;0.0205;0.02;0.0048;0.0011;-0.0069
200304;0.0364;0.0575;0.0406;0.0906;0.0646;0.0818;0.1232;0.0872;0.1161;0.1303
200305;0.0505;0.0558;0.0422;0.0485;0.069;0.0207;0.028;0.0787;0.0697;0.1361
200306;0.0296;-0.0105;0.0263;0.0016;0.0198;0.0091;0.0111;0.0093;0.0221;0.0157
200307;-0.0285;-0.01;-0.0021;0.0286;0.0182;0.0414;0.0548;0.0322;0.0559;0.0658
200308;0.0012;-0.0095;0.0389;0.0292;0.0079;0.0072;0.035;0.0356;0.038;0.0745
200309;0.0142;0.0054;-0.0134;-0.02;-0.0235;-0.01;-0.0269;-0.0093;-0.0129;-0.027
200310;0.0223;0.0537;0.0394;0.0622;0.0512;0.0397;0.074;0.0549;0.0906;0.1171
200311;0.0152;0.0296;0.028;0.0293;-0.0047;-0.0056;-0.0039;0.0067;0.0105;0.0346
200312;0.0553;0.0481;0.0575;0.0433;0.0366;0.077;0.0241;0.0555;0.0345;0.0168
200401;0.0166;0.0083;0.0095;0.0138;0.0129;0.0419;0.0082;0.0168;0.0155;0.0566
200402;0.0245;0.0214;0.0359;0.0196;0.0323;0.0072;0.0265;-0.0053;0.0184;-0.021
200403;-0.0089;-0.0224;-0.0051;-0.0026;-0.0008;-0.0245;0.0023;-0.0226;-0.0078;-0.0191
200404;0.0152;0.0042;-0.0002;-0.0048;-0.0055;-0.0154;-0.0198;-0.0164;-0.0446;-0.0787
200405;-0.006;0.0058;0.0141;0.0114;-0.0029;0.011;0.0126;0.0094;0.0201;0.0521
200406;0.0282;0.0065;0.019;0.0233;0.0016;0.0272;0.0282;0.0429;0.0045;0.0279
200407;-0.0241;-0.0339;-0.0248;-0.0184;-0.0065;-0.0059;-0.0291;-0.0405;-0.0786;-0.1248
200408;0.0263;0.0194;0.0096;0.0072;0.0135;-0.0002;0.0038;-0.0032;-0.0297;-0.0501
200409;-0.0213;0.0035;0.0054;0.0535;0.0059;0.0349;0.0139;0.0254;0.0293;0.0409
200410;0.0063;0.0011;0.0067;0.0038;-0.0163;0.0231;0.0163;0.0193;0.0462;0.0513
200411;0.0401;0.0446;0.0262;0.0534;0.052;0.0446;0.052;0.0478;0.0711;0.0549
200412;0.0389;0.0249;0.0275;0.0244;0.0335;0.0348;0.0465;0.0282;0.0497;0.0488
200501;-0.0206;-0.0204;-0.0053;-0.0023;-0.0231;-0.0156;-0.02;-0.0255;-0.0447;-0.0801
200502;0.0168;0.0311;0.047;0.0594;0.0229;0.0101;0.0049;-0.004;0.0173;-0.0079
200503;-0.0035;0.0031;-0.0277;-0.0191;-0.0402;0.0047;-0.0295;-0.0122;-0.0224;-0.0216
200504;-0.0012;-0.002;-0.0144;-0.0296;-0.0268;-0.0208;-0.043;-0.0077;-0.0523;-0.0544
200505;0.0171;0.023;0.015;0.0362;0.0394;0.0231;0.05;0.0375;0.0726;0.0934
200506;0.0021;0.01;0.0075;0.0195;0.0144;0.0028;-0.0003;0.0078;0.0043;-0.0022
200507;0.0112;0.0303;0.0265;0.0592;0.0506;0.0424;0.0611;0.0534;0.0719;0.0609
200508;-0.0217;-0.0136;0.0113;-0.002;-0.0116;-0.0018;-0.012;-0.0116;-0.0158;-0.0189
200509;-0.0011;-0.0009;0.0178;0.0158;0.0188;-0.0078;0.0019;0.0218;-0.0038;0.0194
200510;-0.0246;0.0013;-0.0329;-0.0103;-0.019;-0.0005;-0.0144;-0.0055;-0.0403;-0.0256
200511;0.0152;0.0248;0.0269;0.0327;0.0412;0.0514;0.051;0.0568;0.0723;0.0514
200512;0.017;0.0083;-0.0046;0.0062;-0.0033;-0.0185;-0.0018;0.0134;-0.0157;0.0002
200601;0.0282;0.0166;0.0328;0.0258;0.0276;0.0208;0.0535;0.0467;0.0213;0.0773
200602;0.0007;0.0002;-0.0097;0.0057;0.0115;-0.0078;-0.0008;0.008;-0.0051;0.0134
200603;0.0011;0.011;0.0122;0.0132;0.0287;0.0179;0.038;0.0298;0.0021;0.0439
200604;0.0049;0.0135;0.0218;0.0084;0.0098;-0.0077;0.0186;0.0301;0.0096;-0.005
200605;-0.0118;-0.0148;-0.0179;-0.019;-0.0253;-0.0378;-0.0382;-0.0467;-0.0427;-0.0773
200606;0.0049;0.0031;0.0068;0.0144;0;-0.0027;-0.004;-0.0064;-0.0037;-0.021
200607;0.0261;0.0304;-0.0027;0.0058;0.0152;-0.0388;-0.0154;-0.0167;-0.0472;-0.0795
200608;0.0338;0.0113;-0.0071;0.0262;0.0288;0.0151;0.0063;0.0236;0.0541;0.0664
200609;0.0175;0.0199;0.0106;0.0331;0.0088;0.0049;0.0413;0.0476;0.023;0.0239
200610;0.0224;0.032;0.0319;0.0381;0.027;0.0491;0.0355;0.0494;0.0414;0.0331
200611;-0.0037;0.0259;0.0336;0.0168;0.008;0.0337;0.0205;0.0452;0.0245;0.0321
200612;0.0125;0.0093;0.0065;0.0173;0.0377;0.003;0.0142;0.0163;0.0016;-0.0082
200701;0.0174;-0.0011;0.0046;0.0102;0.02;0.0263;0.0248;0.0245;0.0424;0.032
200702;-0.0178;-0.0216;-0.0158;-0.022;-0.0114;-0.0087;-0.0082;-0.0159;-0.0095;-0.0012
200703;0.001;0.0118;0.0242;0.0158;0.0205;0.0192;0.0029;0.0036;0.0108;0.0042
200704;0.0352;0.0455;0.0403;0.038;0.0337;0.0496;0.0458;0.0484;0.0617;0.0284
200705;0.0175;0.034;0.04;0.0362;0.033;0.0337;0.0527;0.0463;0.0495;0.0465
200706;-0.0261;-0.0166;-0.0078;-0.0135;-0.0294;-0.0153;-0.0165;-0.0165;-0.0011;-0.0038
200707;-0.0296;-0.0319;-0.0229;-0.0451;-0.0282;-0.0491;-0.0379;-0.0231;-0.0277;-0.0475
200708;0.0278;0.0196;0.0136;0.0174;0.0162;0.0056;0.0152;0.0155;-0.005;-0.0124
200709;0.0272;0.0325;0.0462;0.0297;0.0473;0.0213;0.0213;0.0456;0.0477;0.0416
200710;0.0196;0.013;0.0075;0.0347;0.0106;0.0257;0.0289;0.0116;0.0256;0.038
200711;0.0053;-0.0515;-0.0373;-0.0598;-0.0459;-0.0617;-0.043;-0.0534;-0.0729;-0.0836
200712;-0.0229;-0.0131;0.0144;-0.016;-0.0007;0.0173;-0.0122;0.0074;-0.0146;-0.0055
200801;-0.0343;-0.038;-0.0505;-0.0667;-0.0541;-0.0647;-0.1033;-0.0867;-0.0616;-0.0883
200802;-0.0376;-0.0198;-0.0113;-0.0461;-0.0193;-0.0488;-0.058;0.0002;-0.0406;-0.0001
200803;-0.0068;0.0066;-0.0197;0.0009;-0.0039;0.0144;0.0159;-0.0268;-0.015;-0.0365
200804;0.0288;-0.0031;0.0554;0.0496;0.042;0.0573;0.0771;0.0643;0.0839;0.0887
200805;0.0092;0.0056;0.0132;0.0093;0.0254;0.0273;0.0277;0.0406;0.0306;0.0583
200806;-0.0819;-0.084;-0.0546;-0.0911;-0.0679;-0.097;-0.112;-0.0727;-0.1169;-0.0705
200807;0.0055;-0.0178;-0.0284;0.0242;-0.012;0.021;0.0012;-0.0158;-0.0216;-0.0306
200808;0.0206;0.0086;0.0304;0.0016;0.0185;0.0322;0.0142;0.0024;0.0193;0.0135
200809;-0.0441;-0.0463;-0.05;-0.0636;-0.0897;-0.1343;-0.1639;-0.1362;-0.1839;-0.1942
200810;-0.1306;-0.1292;-0.153;-0.1677;-0.1716;-0.2092;-0.2507;-0.2256;-0.2152;-0.2501
200811;-0.037;-0.0257;-0.0587;-0.1178;-0.0913;-0.1065;-0.1288;-0.1089;-0.1556;-0.1476
200812;0.0053;-0.0034;-0.0019;0.0313;0.0142;0.0766;0.0198;0.0511;0.0399;0.0435
200901;-0.0626;-0.101;-0.1005;-0.066;-0.0833;-0.0802;-0.0989;-0.0607;-0.0253;-0.0411
200902;-0.0759;-0.1188;-0.1198;-0.0929;-0.0943;-0.1096;-0.1177;-0.0895;-0.0491;-0.0883
200903;0.0428;0.0707;0.0887;0.0749;0.105;0.1233;0.1292;0.1474;0.108;0.1305
200904;0.0261;0.0568;0.0934;0.1232;0.1117;0.1114;0.1797;0.133;0.2067;0.1966
200905;0.0571;0.0595;0.0247;0.0576;0.0456;0.0379;0.0381;0.0605;0.0598;0.06
200906;0.0012;-0.0051;-0.0033;-0.0117;0.0218;0.0154;0.0078;0.0028;0.02;0.0213
200907;0.0506;0.0442;0.0815;0.0753;0.0799;0.0876;0.1071;0.1513;0.1362;0.1911
200908;0.0019;0.0213;0.0253;0.0371;0.0304;0.053;0.0306;0.0613;0.1308;0.1406
200909;0.0179;0.0265;0.0209;0.038;0.0517;0.0683;0.0816;0.0687;0.0445;0.108
200910;-0.0121;-0.004;-0.0298;-0.0132;-0.0041;-0.0381;-0.0274;-0.0584;-0.0878;-0.1014
200911;0.0644;0.0517;0.0458;0.0539;0.061;0.0511;0.053;0.0507;0.0871;0.0584
200912;-0.0039;0.0173;0.0396;0.0334;0.037;0.0226;0.0487;0.0649;0.0313;0.0688
201001;-0.0225;-0.0222;-0.0213;-0.0458;-0.0403;-0.0374;-0.0586;-0.035;-0.0447;-0.0262
201002;0.0183;0.0106;0.0346;0.0485;0.0301;0.027;0.0569;0.0513;0.0696;0.0763
201003;0.0371;0.0452;0.0482;0.0541;0.0772;0.0879;0.0886;0.0704;0.0955;0.1271
201004;0.0002;0.0122;0.0084;0.0177;0.0311;0.0135;0.0425;0.0522;0.0516;0.0735
201005;-0.0596;-0.0679;-0.0599;-0.0935;-0.084;-0.0934;-0.0741;-0.0983;-0.1085;-0.1137
201006;-0.0299;-0.0298;-0.0293;-0.0741;-0.0688;-0.0777;-0.0752;-0.084;-0.0914;-0.1303
201007;0.0489;0.0554;0.0615;0.065;0.0784;0.0847;0.11;0.0664;0.1184;0.1168
201008;-0.0089;-0.0092;-0.0332;-0.0822;-0.0592;-0.0743;-0.0441;-0.0893;-0.0927;-0.0887
201009;0.058;0.0714;0.1059;0.0926;0.1218;0.1167;0.1342;0.1053;0.1109;0.163
201010;0.029;0.0262;0.0297;0.0393;0.0584;0.0539;0.0564;0.0048;0.058;0.0729
201011;-0.0049;-0.0087;-0.0003;-0.0004;0.0107;0.0093;0.0396;0.0208;0.0425;0.0535
201012;0.0434;0.0479;0.0632;0.0662;0.0732;0.0859;0.0774;0.1196;0.0974;0.0853
201101;0.0124;0.0056;0.0107;0.0309;0.027;0.0413;0.0282;0.0321;0.0175;0.0262
201102;0.0248;0.0424;0.0372;0.0139;0.0436;0.0471;0.0521;0.0421;0.0312;0.05
201103;0.0145;0.0135;0.0035;-0.0077;0.0015;-0.0004;0.019;-0.0042;0.003;-0.0015
201104;0.0417;0.0344;0.0494;0.037;0.0113;0.0035;0.0266;0.0129;0.0362;0.0371
201105;0.0015;0.009;-0.0032;-0.0243;-0.0168;-0.0267;-0.021;-0.0268;-0.0395;-0.0419
201106;-0.0182;-0.0107;-0.0139;-0.016;-0.0196;-0.0218;-0.0082;-0.0395;-0.0162;-0.0241
201107;-0.0234;-0.0271;-0.0207;-0.0193;-0.0331;0.0115;-0.0276;-0.0543;-0.0476;-0.0244
201108;-0.011;-0.0149;-0.0568;-0.0589;-0.08;-0.0668;-0.1033;-0.1275;-0.1393;-0.137
201109;-0.0257;-0.0421;-0.0495;-0.0711;-0.1024;-0.093;-0.1258;-0.153;-0.1609;-0.1657
201110;0.0615;0.0661;0.1057;0.1237;0.1459;0.1288;0.172;0.1742;0.2111;0.1989
201111;0.0175;0.0087;0.0136;-0.0087;-0.0079;-0.0108;-0.0123;-0.0385;-0.0375;-0.0342
201112;0.0341;0.0245;-0.0125;-0.0039;-0.0106;0.0138;0.0073;-0.0191;-0.0195;-0.0137
201201;0.0014;0.0097;0.0488;0.0784;0.0594;0.0702;0.0769;0.0996;0.1231;0.1212
201202;0.0145;0.025;0.0438;0.0506;0.0475;0.0803;0.0461;0.0701;0.0466;0.0855
201203;0.0211;0.0302;0.0362;0.0351;0.0195;0.0506;0.0129;0.0311;0.0341;0.0352
201204;0.0086;0.0046;-0.0022;-0.0122;-0.0129;-0.0215;-0.0063;-0.0413;-0.0302;-0.0035
201205;-0.0116;-0.0324;-0.0598;-0.0893;-0.0784;-0.0618;-0.0852;-0.098;-0.1327;-0.1252
201206;0.0467;0.0538;0.0348;0.039;0.0399;0.0213;0.0405;0.0402;0.0072;0.0311
201207;0.0263;0.0129;0.0086;-0.0177;0.0256;0.0035;0.0116;-0.0098;-0.0169;-0.0428
201208;-0.0068;0.0074;0.0197;0.0409;0.0578;0.0259;0.0443;0.054;0.0504;0.094
201209;0.0309;0.031;0.0149;0.0055;0.0321;0.0383;0.0185;0.0297;0.0394;0.0285
201210;-0.0118;-0.0184;-0.0127;-0.025;-0.0408;-0.0291;-0.0092;0.006;0.0183;0.0168
201211;-0.0004;0.0033;0.0181;0.0079;0.0043;0.0108;0.0243;0.0091;0.0001;0.0037
201212;-0.0123;-0.0046;0.01;0.0204;-0.0047;0.0307;0.03;0.0479;0.0759;0.0601
201301;0.0541;0.0662;0.0568;0.0587;0.0187;0.0703;0.077;0.0486;0.0589;0.1003
201302;0.0289;0.0132;0.0112;0.0086;0.0112;0.0118;-0.0036;-0.004;-0.0056;0
201303;0.0484;0.0491;0.0353;0.0384;0.0237;0.0333;0.0286;0.0496;0.0405;0.0535
201304;0.0267;0.0183;0.0113;0.0199;0.0153;0.0044;-0.0075;0.0076;0.0134;0.022
201305;-0.0084;-0.0023;0.0209;0.0548;0.0461;0.0578;0.0402;0.0684;0.0678;0.0535
201306;-0.0029;-0.0109;-0.008;-0.0049;-0.0283;-0.0128;-0.0166;-0.0215;-0.031;-0.0229
201307;0.0425;0.0515;0.0517;0.0637;0.0626;0.0579;0.0458;0.0636;0.0855;0.063
201308;-0.043;-0.0381;-0.0337;-0.0022;-0.0338;-0.0261;-0.0089;-0.0168;-0.0254;-0.0198
201309;0.0163;0.0257;0.0473;0.0321;0.0457;0.0432;0.0582;0.0532;0.0351;0.0804
201310;0.057;0.0262;0.0427;0.0577;0.0389;0.0391;0.0232;0.0433;0.0274;0.0454
201311;0.0237;0.0283;0.0385;0.0418;0.0328;0.0289;0.0217;0.0332;0.0456;0.0288
201312;0.0096;0.0172;0.0353;0.0248;0.0265;0.0348;0.0399;0.0316;0.0192;0.0581
201401;-0.0268;-0.0352;-0.0457;-0.0232;-0.0398;-0.0401;-0.0341;-0.0507;-0.0275;-0.0356
201402;0.032;0.0511;0.0398;0.0508;0.044;0.0456;0.06;0.0519;0.0491;0.0796
201403;0.007;0.0202;0.0086;-0.0061;0.0134;0.0119;-0.0035;0.0094;0.0014;-0.0154
201404;0.024;0.0154;-0.0117;0.0016;-0.0248;-0.0018;-0.0021;-0.0046;-0.0215;-0.0097
201405;0.0061;0.0073;0.0272;0.0416;0.0264;0.023;0.026;0.0192;0.0128;0.0106
201406;0.0097;0.019;0.0166;0.0217;0.0316;0.0311;0.0379;0.0591;0.0353;0.0333
201407;-0.0219;-0.0022;-0.0164;-0.0034;-0.0294;-0.0348;-0.0249;-0.0341;-0.0295;-0.0484
201408;0.0475;0.0491;0.0415;0.0351;0.0374;0.0404;0.0422;0.0409;0.0365;0.0723
201409;0.0045;-0.0032;-0.0297;-0.0084;-0.0168;-0.0449;-0.0317;-0.0534;-0.0564;-0.0652
201410;0.036;0.0385;0.036;0.0224;0.0306;0.0113;0.0025;0.0079;0.0006;-0.004
201411;0.0388;0.0253;0.0354;0.0405;0.0295;0.0177;-0.0161;0.008;-0.0213;0.009
201412;-0.0089;-0.0014;-0.008;0.0027;-0.0012;0.0192;0.0123;0.0048;-0.0095;0.0074
201501;-0.0043;-0.0022;-0.0136;-0.0339;-0.0558;-0.0381;-0.0774;-0.0616;-0.0542;-0.0837
201502;0.0238;0.0523;0.0646;0.0649;0.0845;0.0778;0.08;0.0799;0.0822;0.1039
201503;-0.01;-0.0064;-0.016;-0.0184;-0.0156;-0.0099;-0.0072;-0.0132;-0.0104;-0.0208
201504;-0.0099;-0.007;0.0098;0.0113;0.0152;0.003;0.0301;0.0206;0.0241;-0.0049
201505;0.0106;0.0328;0.0093;0.0193;0.0172;0.005;0.0125;0.0081;-0.0083;0.0044
201506;-0.0175;-0.0094;-0.0242;-0.0255;-0.0074;-0.0176;0.0034;-0.0123;-0.0153;-0.0328
201507;0.0584;0.0211;0.0329;0.0146;0.0059;0.0015;-0.0098;-0.0144;-0.006;-0.0626
201508;-0.0542;-0.0607;-0.05;-0.0556;-0.0691;-0.0649;-0.0579;-0.0725;-0.0753;-0.0665
201509;-0.0095;-0.0221;-0.0127;-0.0187;-0.0285;-0.0469;-0.0566;-0.0649;-0.07;-0.1133
201510;0.0681;0.0713;0.0738;0.0975;0.0816;0.0668;0.0944;0.079;0.0805;0.0578
201511;0.0047;-0.0042;0.0042;0.0077;0.0083;-0.0019;0.0066;0.0284;0.0238;-0.0012
201512;0.015;-0.0184;-0.0076;-0.0138;-0.0437;-0.0292;-0.0412;-0.0532;-0.0654;-0.0712
201601;-0.0081;-0.0486;-0.0568;-0.0413;-0.0608;-0.066;-0.1;-0.1073;-0.1252;-0.1423
201602;-0.0058;0.007;0.0139;-0.0064;-0.0046;0.0148;0.0136;-0.0129;-0.0208;-0.019
201603;0.0552;0.0567;0.066;0.0695;0.0714;0.0722;0.0714;0.089;0.1035;0.1069
201604;0.0083;-0.0305;-0.0025;0.0008;0.0184;0.0167;0.0343;0.0434;0.0383;0.0611
201605;0.0207;0.016;0.0167;0.0183;0.0185;0.022;0.0159;0.0174;0.0137;-0.0101
201606;0.0386;0.0055;0.0069;0.0019;-0.0109;-0.0132;-0.0321;-0.0417;-0.0501;-0.0154
201607;0.0139;0.0206;0.0558;0.0513;0.0182;0.063;0.0513;0.0578;0.0607;0.0788
201608;-0.0345;-0.0062;0.0098;0.0019;0.0169;0.0028;0.0091;0.0313;0.0659;0.0553
201609;-0.0046;-0.0003;0.0054;0.0048;-0.0218;0.005;0.0056;0.0142;0.0141;0.0352
201610;-0.0131;-0.0204;-0.0291;-0.0175;-0.0105;-0.0263;-0.0196;-0.0119;0.0037;-0.0958
201611;-0.0142;0.017;0.0259;0.055;0.0782;0.0668;0.0803;0.1273;0.1655;0.1603
201612;0.0356;0.0241;0.0105;0.0126;0.0218;-0.003;0.0155;0.0297;0.0278;-0.0146
201701;0.0126;0.0105;0.0304;0.0152;0.0263;0.0447;0.0241;0.0133;0.0101;0.0322
201702;0.033;0.0565;0.0309;0.0393;0.0289;0.0291;0.0195;0.0303;0.0393;0.0217
201703;0.0007;0.0046;0.0086;0.0071;-0.0081;0.0061;-0.0006;-0.0134;-0.0121;-0.0063
201704;0.0111;0.0047;0.0271;0.0165;0.0131;0.0091;0.0083;0.0042;-0.0052;-0.022
201705;0.0218;0.0234;0.0216;0.0153;-0.0087;0.0054;0.0027;-0.025;-0.0145;-0.0289
201706;-0.0216;-0.0023;0.0009;0.0062;0.028;0.0278;0.0235;0.0469;0.0437;0.0395
201707;0.0214;0.0263;0.0133;0.0171;0.031;0.0182;0.0112;0.0062;0.0251;0.0356
201708;0.0031;-0.006;0.0057;0.0205;0.0056;-0.0157;-0.0047;-0.0093;-0.0183;0.0108
201709;-0.0057;0.0074;0.024;0.0082;0.038;0.0279;0.0505;0.0717;0.0737;0.0667
201710;0.029;0.0071;0.0285;0.0334;0.0265;0.0121;0.0107;0.0323;0.0239;-0.0073
201711;0.0302;0.0549;0.0329;0.0239;0.0291;0.0239;0.0294;0.0293;0.0362;0.0399
201712;-0.0086;0.0122;0.0129;0.0038;0.0178;0.0208;0.0097;0.0213;0.0169;0.024
201801;0.0108;0.0442;0.0457;0.0622;0.0624;0.0853;0.0566;0.0701;0.0573;0.0757
201802;-0.0387;-0.048;-0.0454;-0.0263;-0.027;-0.0402;-0.0503;-0.0151;-0.0214;-0.0669
201803;-0.0119;-0.0109;-0.0133;-0.0333;-0.0113;-0.0327;-0.0098;-0.0371;-0.0239;-0.0112
201804;0.0173;-0.013;0.0133;-0.0034;-0.0116;0.0242;0.0257;-0.0009;-0.0008;0.0167
201805;0.0277;0.0085;0.0201;0.047;0.0417;0.0155;0.0279;0.0087;0.0295;0.0724
201806;0.0197;0.0189;0.009;0.0032;-0.002;0.0189;0.0005;-0.0207;-0.0248;-0.0049
201807;0.0202;0.0272;0.0168;0.0516;0.0373;0.032;0.0396;0.043;0.0389;0.0237
201808;0.0311;0.0203;0.0311;0.0332;0.0291;0.078;0.0196;0.05;0.0202;0.0621
201809;0.0019;0.0092;0.0044;0.0092;0.0187;-0.0012;0.0014;-0.0087;-0.0265;-0.0189
201810;-0.0039;-0.0221;-0.0543;-0.0729;-0.1084;-0.065;-0.071;-0.1224;-0.0992;-0.1713
201811;0.0193;0.0178;0.0199;0.0433;0.0234;-0.0527;0.0388;0.0312;0.0241;-0.0176
201812;-0.0641;-0.0752;-0.0985;-0.0806;-0.081;-0.0983;-0.1079;-0.1163;-0.1259;-0.1426
201901;0.0452;0.0652;0.0916;0.0671;0.0844;0.0694;0.0994;0.1184;0.1225;0.1758
201902;0.0407;0.03;0.0253;0.0382;0.0432;0.0443;0.058;0.0128;0.0291;0.073
201903;0.0307;0.0239;0.0153;0.0248;0.0095;0.0292;-0.0184;0.008;-0.026;-0.0028
201904;0.0119;0.0203;0.0305;0.0423;0.0324;0.076;0.0383;0.068;0.072;0.0114
201905;-0.0255;-0.0423;-0.0451;-0.053;-0.0837;-0.0945;-0.0778;-0.0873;-0.111;-0.0926
201906;0.0447;0.059;0.0691;0.0617;0.0842;0.096;0.0833;0.079;0.078;0.0997
201907;0.0208;0.0115;-0.0012;0.0331;0.0165;0.0107;0.0086;0.0222;0.0081;0.0037
201908;0.019;0.0087;-0.0166;-0.0293;-0.023;-0.0223;-0.0456;-0.041;-0.0696;-0.0674
201909;0.0144;0.0128;0.0117;0.0181;0.0167;0.003;0.0499;0.0294;0.0339;-0.0146
201910;0.0132;0.0132;0.0158;0.0183;0.0187;0.019;0.027;0.0484;0.0438;0.0346
201911;0.0006;0.022;0.0332;0.0327;0.0473;0.0435;0.0541;0.0572;0.0661;0.0925
201912;0.0318;0.0204;0.0299;0.0235;0.0224;0.022;0.0243;0.0483;0.0449;0.0481
202001;0.011;-0.0153;0.0005;-0.0063;0.012;0.0023;-0.0304;0.0352;-0.0447;-0.0048
202002;-0.076;-0.0818;-0.0743;-0.0889;-0.0643;-0.0844;-0.092;-0.0933;-0.0971;-0.0288
202003;-0.0918;-0.0963;-0.1209;-0.1428;-0.1104;-0.1498;-0.2278;-0.0931;-0.227;-0.1732
202004;0.0825;0.0938;0.1227;0.1324;0.1416;0.1347;0.1289;0.196;0.1589;0.206
202005;0.0348;0.0267;0.0425;0.0548;0.043;0.0788;0.0729;0.0501;0.0711;0.1389
202006;-0.0196;-0.014;-0.0087;-0.0015;0.0465;0.0115;0.0254;0.1042;0.0462;0.0759
202007;0.0557;0.0456;0.0681;0.0336;0.0441;0.1101;0.0552;0.0309;0.0374;0.0673
202008;0.0208;0.0491;0.0765;0.0641;0.0931;0.1692;0.0991;0.0515;0.0586;0.0838
202009;-0.0138;-0.0131;-0.0505;-0.0446;-0.0308;-0.0741;-0.0247;-0.0453;-0.0344;-0.0141
202010;-0.0241;-0.0358;-0.0278;-0.0001;-0.0305;-0.0323;-0.0224;0.0058;0.0342;0.0205
202011;0.0558;0.0937;0.0813;0.1237;0.1642;0.1706;0.1631;0.2003;0.2135;0.2707
202012;0.0147;0.0283;0.0372;0.0328;0.0511;0.1004;0.0525;0.0928;0.0618;0.0692
202101;0.0012;-0.0241;-0.0044;-0.0131;-0.0296;0.0156;0.0011;0.0194;-0.0011;0.0783
202102;-0.0392;0.0139;0.0114;0.0736;0.0804;-0.0112;0.0981;0.1176;0.1091;0.0645
202103;0.0696;0.0659;0.0327;0.0388;0.0303;0.012;0.0185;0.0376;0.0071;-0.0444
202104;0.0162;0.0419;0.0625;0.0658;0.0616;0.0548;0.0568;0.0457;0.0441;0.0394
202105;0.0192;0.0148;-0.0133;0.0151;0.0038;-0.0196;0.0262;0.0263;0.0168;-0.0319
202106;0.0054;-0.0045;0.0428;0.0222;-0.0001;0.0499;0.0423;-0.0016;0.0203;0.0899
